{"cameraMode":{"drawMode":0,"name":"Shaded","section":"Shading Mode"},"sceneLighting":true,"audioPlay":false,"sceneViewState":{"m_AlwaysRefresh":false,"showFog":true,"showSkybox":true,"showFlares":true,"showImageEffects":true,"showParticleSystems":true,"showVisualEffectGraphs":true,"m_FxEnabled":true},"in2DMode":false,"pivot":{"x":0.24773310124874116,"y":14.659708976745606,"z":-0.29679328203201296},"rotation":{"x":-0.6412164568901062,"y":-0.019381633028388025,"z":0.01611664518713951,"w":-0.767002284526825},"size":1.3333280086517335,"orthographic":false}